jurisdiction,state_population,violent_crime_total,murder_manslaughter,rape_legacy,rape_revised,robbery,agg_assault,property_crime_total,burglary,larceny,vehicle_theft
ALABAMA,4468912,19582,379,1369,,5584,12250,173253,40642,119992,12619
ALASKA,633630,3735,39,501,,514,2681,23160,3847,16695,2618
ARIZONA,5306966,28675,400,1518,,8868,17889,293874,54821,186850,52203
ARKANSAS,2694698,12190,148,892,,2181,8969,99106,22196,69590,7320
CALIFORNIA,34600463,212867,2206,9960,,64614,136087,1134189,232273,697739,204177
COLORADO,4430989,15492,158,1930,,3555,9849,170887,28533,121360,20994
CONNECTICUT,3434602,11492,105,639,,4183,6565,95299,17159,65762,12378
DELAWARE,796599,4868,23,420,,1156,3269,27399,5144,19476,2779
FLORIDA,16373330,130713,874,6641,,32867,90331,782517,176052,516548,89917
GEORGIA,8405677,41671,598,2180,,14402,24491,347872,71799,238484,37589
HAWAII,1227024,3117,32,409,,1142,1534,62830,11162,44925,6743
IDAHO,1320585,3211,30,425,,245,2511,38181,7507,28285,2389
ILLINOIS,12520227,79270,982,4010,,24931,49347,434648,79158,306757,48733
INDIANA,6126743,22734,413,1716,,7171,13434,211548,42758,147291,21499
IOWA,2931967,7865,50,649,,1154,6012,88634,16885,66244,5505
KANSAS,2702125,10909,92,945,,2423,7449,105537,20514,77038,7985
KENTUCKY,4068816,10510,181,1051,,3269,6009,107356,26964,71448,8944
LOUISIANA,4470368,30678,501,1403,,7864,20910,207693,46451,139555,21687
MAINE,1284470,1435,19,326,,264,826,33154,6898,24585,1671
MARYLAND,5386079,42088,446,1449,,13525,26668,219512,41553,145934,32025
MASSACHUSETTS,6401164,30585,143,1856,,6476,22110,167079,32430,106821,27828
MICHIGAN,10006266,55424,672,5264,,12937,36551,352353,72038,226708,53607
MINNESOTA,4984535,13145,119,2236,,3758,7032,165046,25496,124519,15031
MISSISSIPPI,2859733,10006,282,1147,,3294,5283,109609,29821,70315,9473
MISSOURI,5637309,30472,372,1383,,7771,20946,238411,42977,167420,28014
MONTANA,905382,3187,34,188,,230,2735,30175,3670,24684,1821
NEBRASKA,1720039,5214,43,431,,1128,3612,68963,9760,52713,6490
NEVADA,2097722,12359,180,883,,4932,6364,77486,17711,45073,14702
NEW HAMPSHIRE,1259359,2144,17,458,,445,1224,27089,4889,20060,2140
NEW JERSEY,8511116,33094,336,1278,,14110,17370,240551,46812,156031,37708
NEW MEXICO,1830935,14288,99,850,,2695,10644,83095,19552,56406,7137
NEW YORK,19084350,98022,960,3546,,36555,56961,458003,80400,329316,48287
NORTH CAROLINA,8206105,40465,505,2083,,13304,24573,363777,101889,237241,24647
NORTH DAKOTA,636550,505,7,164,,60,274,14834,2165,11583,1086
OHIO,11389785,40023,452,4466,,17199,17906,435115,96910,295976,42229
OKLAHOMA,3469577,17726,185,1486,,2746,13309,141679,34573,94537,12569
OREGON,3473441,10650,84,1174,,2749,6643,164524,26648,123034,14842
PENNSYLVANIA,12303104,50432,651,3467,,17500,28814,313408,54345,223350,35713
RHODE ISLAND,1059659,3278,39,416,,986,1837,35742,6824,23875,5043
SOUTH CAROLINA,4062125,33114,330,1769,,5987,25028,186054,42611,126742,16701
SOUTH DAKOTA,758324,1171,7,351,,103,710,16473,3087,12571,815
TENNESSEE,5749398,42776,423,2196,,10219,29938,252992,59705,165015,28272
TEXAS,21370983,122155,1332,8169,,35348,77306,976654,204362,669625,102667
UTAH,2278712,5314,67,896,,1197,3154,90993,13804,70676,6513
VERMONT,612978,644,7,107,,107,423,16334,3150,12426,758
VIRGINIA,7196750,20939,364,1770,,6860,11945,207506,31604,157060,18842
WASHINGTON,5993390,21258,179,2600,,5934,12545,287234,53024,195133,39077
WEST VIRGINIA,1800975,5035,40,320,,707,3968,41085,9601,28268,3216
WISCONSIN,5405947,12486,192,1142,,4444,6708,166924,26927,125275,14722
WYOMING,493754,1272,9,153,,84,1026,16120,2481,12943,696
ALABAMA,4478896,19931,303,1664,,5962,12002,180400,42578,123932,13890
ALASKA,641482,3627,33,511,,489,2594,24118,3908,17739,2471
ARIZONA,5441125,30171,387,1608,,8000,20176,318296,59087,201541,57668
ARKANSAS,2706268,11501,142,754,,2524,8081,101171,23229,71129,6813
CALIFORNIA,35001986,208388,2395,10198,,64968,130827,1176484,238428,715692,222364
COLORADO,4501051,15882,179,2066,,3579,10058,180054,31678,125193,23183
CONNECTICUT,3458587,10807,84,740,,4069,5914,93426,17111,64735,11580
DELAWARE,805945,4836,26,358,,1154,3298,26967,5355,18555,3057
FLORIDA,16691701,128721,911,6753,,32581,88476,777236,177242,511478,88516
GEORGIA,8544005,39271,606,2108,,13432,23125,346559,73932,234591,38036
HAWAII,1240663,3262,24,372,,1210,1656,71976,12722,49344,9910
IDAHO,1343124,3419,36,497,,240,2646,39128,7441,29060,2627
ILLINOIS,12586447,75759,961,4370,,25314,45114,430479,81440,304227,44812
INDIANA,6156913,22001,362,1843,,6612,13184,208965,42605,146073,20287
IOWA,2935840,8388,44,797,,1169,6378,92877,18643,68411,5823
KANSAS,2711769,10229,78,1035,,2165,6951,100768,19679,73877,7212
KENTUCKY,4089822,11101,191,1087,,3131,6692,108590,26891,72378,9321
LOUISIANA,4476192,29690,593,1529,,7123,20445,198838,45350,133302,20186
MAINE,1294894,1396,14,377,,270,735,32985,6965,24591,1429
MARYLAND,5450525,42015,513,1370,,13417,26715,217105,39765,143320,34020
MASSACHUSETTS,6421800,31137,173,1777,,7169,22018,167753,33243,107922,26588
MICHIGAN,10043221,54306,678,5364,,11847,36417,335060,70970,214367,49723
MINNESOTA,5024791,13428,112,2273,,3937,7106,164026,28034,122150,13842
MISSISSIPPI,2866733,9858,264,1127,,3356,5111,109584,29593,70468,9523
MISSOURI,5669544,30557,331,1465,,7024,21737,230520,42721,159921,27878
MONTANA,910372,3197,16,237,,283,2661,28751,3289,23679,1783
NEBRASKA,1727564,5428,48,464,,1359,3557,68178,10329,51440,6409
NEVADA,2167455,13856,181,928,,5118,7629,83896,18951,47459,17486
NEW HAMPSHIRE,1274405,2056,12,446,,413,1185,26250,4838,19468,1944
NEW JERSEY,8575252,32252,339,1365,,13955,16593,227715,43899,148061,35755
NEW MEXICO,1852044,13719,152,1027,,2206,10334,80477,19634,53406,7437
NEW YORK,19134293,95030,909,3885,,36653,53583,442091,76700,318025,47366
NORTH CAROLINA,8305820,39118,548,2196,,12205,24169,353708,99535,229307,24866
NORTH DAKOTA,633911,496,5,163,,58,270,14762,2243,11501,1018
OHIO,11408699,40128,526,4809,,17871,16922,428976,99164,287045,42767
OKLAHOMA,3489700,17587,163,1573,,2966,12885,148128,35171,100185,12772
OREGON,3520355,10298,72,1238,,2742,6246,161145,25696,118925,16524
PENNSYLVANIA,12328827,49578,624,3731,,17163,28060,300868,55610,212441,32817
RHODE ISLAND,1068326,3051,41,395,,916,1699,35342,6415,24051,4876
SOUTH CAROLINA,4103770,33761,298,1959,,5774,25730,183808,43745,123196,16867
SOUTH DAKOTA,760437,1350,11,361,,117,861,15992,3034,12139,819
TENNESSEE,5789796,41562,420,2290,,9413,29439,249399,61248,161610,26541
TEXAS,21736925,126018,1302,8508,,37580,78628,1004274,212602,688992,102680
UTAH,2318789,5488,47,943,,1140,3358,97641,15124,74795,7722
VERMONT,616408,658,13,126,,77,442,14942,3489,10684,769
VIRGINIA,7287829,21256,388,1839,,6961,12068,207783,31757,157548,18478
WASHINGTON,6067060,20964,184,2734,,5797,12249,288967,54948,193526,40493
WEST VIRGINIA,1804884,4221,57,328,,657,3179,41099,9677,27524,3898
WISCONSIN,5439692,12238,154,1237,,4713,6134,164749,27926,123365,13458
WYOMING,498830,1364,15,148,,93,1108,16494,2448,13303,743
ALABAMA,4503726,19331,299,1656,,6038,11338,182241,43245,124039,14957
ALASKA,648280,3877,39,605,,446,2787,24386,3874,18051,2461
ARIZONA,5579222,28638,441,1856,,7619,18722,314335,58613,198725,56997
ARKANSAS,2727774,12449,180,911,,2227,9131,99084,25016,68061,6007
CALIFORNIA,35462712,205551,2407,9994,,63770,129380,1215086,242274,731486,241326
COLORADO,4547633,15757,185,1913,,3738,9921,179706,32394,124496,22816
CONNECTICUT,3486960,11045,112,698,,4212,6023,92981,16043,65568,11370
DELAWARE,818166,5525,21,370,,1441,3693,27943,6066,18933,2944
FLORIDA,16999181,124280,924,6727,,31523,85106,757696,170644,505489,81563
GEORGIA,8676460,39435,657,2234,,14043,22501,369589,79001,247196,43392
HAWAII,1248755,3400,22,367,,1168,1843,65867,11409,44807,9651
IDAHO,1367034,3362,26,535,,245,2556,40042,7837,29559,2646
ILLINOIS,12649087,70376,895,4189,,23786,41506,415885,78345,295907,41633
INDIANA,6199571,21842,338,1720,,6401,13383,208039,41582,145686,20771
IOWA,2941976,8175,50,796,,1131,6198,87554,17515,64400,5639
KANSAS,2724786,10831,125,1085,,2247,7374,109276,21973,79471,7832
KENTUCKY,4118189,10232,181,1124,,3224,5703,103370,26034,69083,8253
LOUISIANA,4493665,28622,584,1601,,7008,19429,193698,44572,129471,19655
MAINE,1309205,1422,16,354,,289,763,32078,6579,24043,1456
MARYLAND,5512310,38778,525,1358,,13302,23593,209418,38641,134372,36405
MASSACHUSETTS,6420357,30377,140,1848,,8011,20378,164543,34963,104069,25511
MICHIGAN,10082364,51550,612,5470,,11254,34214,330565,68316,208538,53711
MINNESOTA,5064172,13316,127,2092,,3906,7191,157663,27698,116216,13749
MISSISSIPPI,2882594,9336,267,1079,,3016,4974,106867,29564,68307,8996
MISSOURI,5719204,28067,289,1400,,6686,19692,233564,41997,161616,29951
MONTANA,918157,3351,30,246,,298,2777,28428,3722,22800,1906
NEBRASKA,1737475,5105,56,504,,1165,3380,65189,10133,48924,6132
NEVADA,2242207,13813,197,871,,5225,7520,96128,21958,53321,20849
NEW HAMPSHIRE,1288705,1937,17,438,,480,1002,26456,4589,19934,1933
NEW JERSEY,8642412,31488,406,1288,,13342,16452,220350,43457,142287,34606
NEW MEXICO,1878562,12535,116,940,,1937,9542,76816,18997,50595,7224
NEW YORK,19212425,89486,934,3775,,35790,48987,432079,75453,311422,45204
NORTH CAROLINA,8421190,38243,506,2139,,12229,23369,359660,100687,232081,26892
NORTH DAKOTA,633400,508,9,160,,53,286,13364,1959,10327,1078
OHIO,11437680,38185,526,4660,,16895,16104,417483,95083,281383,41017
OKLAHOMA,3506469,17758,206,1501,,3224,12827,151208,34846,103404,12958
OREGON,3564330,10506,68,1218,,2847,6373,169863,28562,122327,18974
PENNSYLVANIA,12370761,49210,647,3556,,17980,27027,300639,53918,213279,33442
RHODE ISLAND,1076084,3074,25,505,,830,1714,32231,5524,22320,4387
SOUTH CAROLINA,4148744,33455,303,1952,,5801,25399,187592,43993,127809,15790
SOUTH DAKOTA,764905,1329,10,356,,104,859,15324,2878,11572,874
TENNESSEE,5845208,40409,396,2129,,9413,28471,256565,63323,166769,26473
TEXAS,22103374,122246,1422,8025,,37017,75782,1016735,219877,698644,98214
UTAH,2352119,5889,60,919,,1258,3652,100084,16961,75321,7802
VERMONT,619343,707,15,126,,62,504,13803,3017,10132,654
VIRGINIA,7365284,20490,416,1807,,6713,11554,200449,29105,153367,17977
WASHINGTON,6131298,21272,182,2863,,5718,12509,291542,58271,192653,40618
WEST VIRGINIA,1811440,4627,73,311,,701,3542,42370,10498,28409,3463
WISCONSIN,5474290,12104,183,1202,,4397,6322,157684,26546,118775,12363
WYOMING,502111,1314,14,136,,84,1080,16648,2611,13239,798
ALABAMA,4525375,19324,254,1742,,6042,11286,182340,44666,123650,14024
ALASKA,657755,4159,37,558,,447,3117,22172,3773,16159,2240
ARIZONA,5739879,28952,414,1896,,7721,18921,291203,56885,179012,55306
ARKANSAS,2750000,13814,176,1183,,2372,10083,110911,30151,74242,6518
CALIFORNIA,35842038,189175,2392,9615,,61768,115400,1227194,245903,728687,252604
COLORADO,4601821,17121,201,1945,,3739,11236,180322,33010,123308,24004
CONNECTICUT,3498966,10113,100,755,,4188,5070,93942,15959,66770,11213
DELAWARE,830069,5105,28,357,,1343,3377,27256,5669,19285,2302
FLORIDA,17385430,123754,946,6612,,29997,86199,727141,166332,482484,78325
GEORGIA,8918129,40217,613,2387,,13656,23561,376656,82992,249426,44238
HAWAII,1262124,3213,33,333,,944,1903,60525,10827,41078,8620
IDAHO,1395140,3452,31,594,,241,2586,38799,7671,28389,2739
ILLINOIS,12712016,69365,780,4220,,22582,41783,403486,76088,287025,40373
INDIANA,6226537,20294,316,1803,,6373,11802,211929,42168,148670,21091
IOWA,2952904,8499,44,782,,1160,6513,85775,17928,62214,5633
KANSAS,2733697,10330,122,1142,,1812,7254,109771,20146,81115,8510
KENTUCKY,4141835,10152,236,1238,,3268,5410,105209,25902,70535,8772
LOUISIANA,4506685,28844,574,1616,,6564,20090,199153,45359,134080,19714
MAINE,1314985,1364,18,315,,289,742,31740,6341,24096,1303
MARYLAND,5561332,38961,521,1317,,12772,24351,202474,36704,129888,35882
MASSACHUSETTS,6407382,29489,171,1794,,7484,20040,158150,34497,101605,22048
MICHIGAN,10104206,49737,643,5482,,11336,32276,309805,64233,194988,50584
MINNESOTA,5096546,13751,113,2123,,4070,7445,155019,28048,113453,13518
MISSISSIPPI,2900768,8568,227,1161,,2503,4677,100980,27661,65440,7879
MISSOURI,5759532,28226,354,1479,,6630,19763,224629,40472,158264,25893
MONTANA,926920,2723,30,273,,233,2187,27215,3515,22082,1618
NEBRASKA,1747704,5393,40,620,,1138,3595,61512,9826,46399,5287
NEVADA,2332898,14379,172,954,,4905,8348,98215,23142,52438,22635
NEW HAMPSHIRE,1299169,2202,17,466,,500,1219,26658,4979,19723,1956
NEW JERSEY,8685166,30943,392,1331,,13076,16144,211313,41030,139977,30306
NEW MEXICO,1903006,13081,169,1039,,2062,9811,79895,19924,52069,7902
NEW YORK,19280727,84914,889,3608,,33506,46911,422734,70696,311036,41002
NORTH CAROLINA,8540468,38244,532,2339,,11782,23591,355328,101193,227147,26988
NORTH DAKOTA,636308,558,8,177,,43,330,12493,2040,9516,937
OHIO,11450143,38787,506,4744,,17429,16108,419337,96518,282168,40651
OKLAHOMA,3523546,17635,186,1557,,3090,12802,149472,35244,101271,12957
OREGON,3591363,10724,90,1283,,2751,6600,166475,30072,117868,18535
PENNSYLVANIA,12394471,50998,650,3535,,18474,28339,299611,54443,214199,30969
RHODE ISLAND,1079916,2673,26,320,,731,1596,31166,5465,21623,4078
SOUTH CAROLINA,4197892,33160,286,1772,,5468,25634,190456,43739,130991,15726
SOUTH DAKOTA,770621,1319,17,336,,112,854,14885,3148,10890,847
TENNESSEE,5893298,41113,357,2282,,8863,29611,254991,60386,169828,24777
TEXAS,22471549,121554,1364,8388,,35817,75985,1010702,220118,696507,94077
UTAH,2420708,5647,46,967,,1236,3398,97762,15225,74889,7648
VERMONT,621233,713,16,160,,78,459,14559,3435,10537,587
VIRGINIA,7481332,20608,390,1816,,6899,11503,200368,28759,154154,17455
WASHINGTON,6207046,21330,190,2857,,5866,12417,300837,60632,196972,43233
WEST VIRGINIA,1812548,5110,68,346,,774,3922,46326,10994,31566,3766
WISCONSIN,5503533,11548,154,1136,,4067,6191,146710,23854,111482,11374
WYOMING,505887,1163,11,112,,67,973,16889,2738,13352,799
ALABAMA,4548327,19678,374,1564,,6447,11293,177393,43473,120780,13140
ALASKA,663253,4194,32,538,,537,3087,23975,4131,17249,2595
ARIZONA,5953007,30478,445,2006,,8579,19448,287345,56328,176112,54905
ARKANSAS,2775708,14670,189,1202,,2532,10747,112914,30118,75510,7286
CALIFORNIA,36154147,190178,2503,9392,,63622,114661,1200531,250521,692467,257543
COLORADO,4663295,18498,173,2026,,3948,12351,188449,34746,127602,26101
CONNECTICUT,3500701,9542,105,712,,3933,4792,90270,15245,64416,10609
DELAWARE,841741,5332,37,377,,1306,3612,26245,5811,18085,2349
FLORIDA,17768191,125957,883,6592,,30141,88341,712998,164783,472912,75303
GEORGIA,9132553,40725,564,2143,,14041,23977,378534,84463,249594,44477
HAWAII,1273278,3253,24,343,,1001,1885,61115,9792,42188,9135
IDAHO,1429367,3670,35,577,,266,2792,38556,8066,27606,2884
ILLINOIS,12765427,70496,770,4313,,23255,42158,394670,77635,277662,39373
INDIANA,6266019,20302,356,1856,,6809,11281,216778,43756,151278,21744
IOWA,2965524,8697,40,847,,1153,6657,84370,18147,60723,5500
KANSAS,2748172,10701,101,1098,,1795,7707,104588,19028,76222,9338
KENTUCKY,4172608,11134,190,1421,,3690,5833,105608,26458,70354,8796
LOUISIANA,4507331,26889,450,1421,,5337,19681,166611,39382,112840,14389
MAINE,1318220,1483,19,326,,323,815,31889,6323,24218,1348
MARYLAND,5589599,39369,552,1266,,14378,23173,198483,35922,128491,34070
MASSACHUSETTS,6433367,29644,178,1751,,7837,19878,151727,34728,98079,18920
MICHIGAN,10100833,55936,629,5199,,13348,36760,312892,70527,194090,48275
MINNESOTA,5126739,15243,115,2258,,4724,8146,158301,29716,114304,14281
MISSISSIPPI,2908496,8131,214,1147,,2405,4365,95231,26866,60873,7492
MISSOURI,5797703,30477,402,1625,,7196,21254,227809,42822,159288,25699
MONTANA,934737,2634,18,301,,177,2138,29407,3642,23794,1971
NEBRASKA,1758163,5052,44,581,,1040,3387,60348,9408,45359,5581
NEVADA,2412301,14654,206,1016,,4702,8730,102424,23481,52012,26931
NEW HAMPSHIRE,1306819,1761,19,406,,365,971,24031,4192,18493,1346
NEW JERSEY,8703150,30919,417,1208,,13215,16079,203391,38980,136728,27683
NEW MEXICO,1925985,12448,144,1041,,1893,9370,79575,20939,50707,7929
NEW YORK,19315721,85839,874,3636,,35179,46150,405990,68034,302220,35736
NORTH CAROLINA,8672459,40650,585,2302,,12635,25128,353855,104298,221091,28466
NORTH DAKOTA,634605,706,12,180,,54,460,12848,2043,9732,1073
OHIO,11470685,40162,590,4671,,18673,16228,420705,100183,279051,41471
OKLAHOMA,3543442,18044,187,1481,,3230,13146,143406,35692,93814,13900
OREGON,3638871,10444,80,1266,,2478,6620,160199,27621,113316,19262
PENNSYLVANIA,12405348,52761,756,3586,,19214,29205,300444,56134,214916,29394
RHODE ISLAND,1073579,2710,34,323,,776,1577,29287,5319,19567,4401
SOUTH CAROLINA,4246933,32590,314,1862,,5657,24757,185606,42741,126489,16376
SOUTH DAKOTA,774883,1387,18,377,,145,847,13694,2505,10350,839
TENNESSEE,5955745,45104,431,2194,,10009,32470,256093,61508,169357,25228
TEXAS,22928508,121091,1407,8511,,35790,75383,990293,219828,677042,93423
UTAH,2490334,5612,56,920,,1095,3541,95546,14971,72082,8493
VERMONT,622387,782,8,153,,76,545,14749,3185,10894,670
VIRGINIA,7564327,21434,458,1763,,7495,11718,200404,29829,154584,15991
WASHINGTON,6291899,21745,205,2811,,5788,12941,307661,60343,198031,49287
WEST VIRGINIA,1814083,4968,82,335,,816,3735,47757,11334,32603,3820
WISCONSIN,5527644,13367,206,1135,,4555,7471,147556,24448,110531,12577
WYOMING,508798,1172,14,122,,78,958,16070,2426,12905,739
ALABAMA,4599030,19553,382,1646,,7062,10463,181249,44780,121451,15018
ALASKA,670053,4610,36,512,,600,3462,23975,4155,17284,2536
ARIZONA,6166318,33456,533,2449,,9491,20983,294389,59418,178321,56650
ARKANSAS,2810872,15538,205,1325,,2749,11259,112025,31864,72646,7515
CALIFORNIA,36457549,194483,2486,9235,,71142,111620,1159988,247230,669103,243655
COLORADO,4753377,18794,171,2158,,3824,12641,163439,32411,110372,20656
CONNECTICUT,3504809,10505,137,696,,4460,5212,90638,15583,64765,10290
DELAWARE,853476,5983,42,417,,1791,3733,29670,6337,20449,2884
FLORIDA,18089888,129602,1129,6475,,34147,87851,721101,170873,473774,76454
GEORGIA,9363941,44754,605,2169,,15511,26469,362712,85140,234445,43127
HAWAII,1285498,3608,21,353,,1144,2090,54247,8724,37784,7739
IDAHO,1466465,3666,35,611,,294,2726,35135,7545,25154,2436
ILLINOIS,12831970,69498,780,4078,,23782,40858,387478,77259,272578,37641
INDIANA,6313520,20303,361,1811,,7175,10956,217783,45538,150655,21590
IOWA,2982085,8521,55,871,,1309,6286,84202,18160,60998,5044
KANSAS,2764075,11960,125,1279,,1878,8678,104260,20086,75450,8724
KENTUCKY,4206074,11361,173,1312,,3850,6026,109428,27867,72197,9364
LOUISIANA,4287768,30923,555,1587,,5928,22853,174975,46703,112605,15667
MAINE,1321574,1533,23,341,,383,786,33658,6846,25465,1347
MARYLAND,5615727,38111,546,1178,,14376,22011,195484,37459,127502,30523
MASSACHUSETTS,6437193,32217,188,1771,,8080,22178,153943,35243,100725,17975
MICHIGAN,10095643,56981,721,5347,,14229,36684,325594,76313,199183,50098
MINNESOTA,5167101,16042,126,1645,,5441,8830,159276,30306,115693,13277
MISSISSIPPI,2910540,9076,231,1039,,3259,4547,92853,27117,57406,8330
MISSOURI,5842713,31897,369,1764,,7597,22167,224007,44734,153874,25399
MONTANA,944632,3564,33,348,,233,2950,26986,3380,21659,1947
NEBRASKA,1768331,5197,51,577,,1136,3433,59411,9535,44710,5166
NEVADA,2495529,18687,226,1092,,7038,10331,102338,24902,50429,27007
NEW HAMPSHIRE,1314895,1785,13,295,,435,1042,26060,4395,20179,1486
NEW JERSEY,8724560,30550,427,1201,,13360,15562,198820,39384,134687,24749
NEW MEXICO,1954599,12797,134,1073,,2095,9495,76000,20906,45864,9230
NEW YORK,19306183,84016,922,3168,,34459,45467,398577,68617,297827,32133
NORTH CAROLINA,8856505,42088,539,2495,,13468,25586,364549,107333,227114,30102
NORTH DAKOTA,635867,1255,14,241,,75,925,13359,2601,9672,1086
OHIO,11478006,41491,560,4770,,19418,16743,423334,105639,279718,37977
OKLAHOMA,3579212,17905,210,1488,,3145,13062,129728,34437,81853,13438
OREGON,3700758,10534,88,1219,,2711,6516,137858,24324,98897,14637
PENNSYLVANIA,12440621,55028,741,3611,,21095,29581,304589,57739,217142,29708
RHODE ISLAND,1067610,2460,27,289,,740,1404,27914,5453,18852,3609
SOUTH CAROLINA,4321249,33322,362,1834,,5902,25224,184712,42952,125075,16685
SOUTH DAKOTA,781919,2071,30,465,,158,1418,13812,3024,9954,834
TENNESSEE,6038803,46043,419,2194,,11143,32287,249860,63024,164183,22653
TEXAS,23507783,121602,1386,8429,,37256,74531,959846,215710,648711,95425
UTAH,2550063,5771,51,891,,1242,3587,89572,14721,66480,8371
VERMONT,623908,905,14,173,,114,604,14920,3443,10857,620
VIRGINIA,7642884,21683,403,1829,,7779,11672,190257,32166,143292,14799
WASHINGTON,6395798,22303,197,2748,,6424,12934,288456,58843,183179,46434
WEST VIRGINIA,1818470,5113,80,404,,853,3776,47941,11579,32305,4057
WISCONSIN,5556506,15899,165,1233,,5564,8937,156748,27038,115682,14028
WYOMING,515004,1307,13,151,,72,1071,15381,2322,12255,804
ALABAMA,4627851,20775,412,1548,,7398,11417,184082,45379,124465,14238
ALASKA,683478,4520,43,545,,581,3351,23096,3734,16929,2433
ARIZONA,6338755,32835,548,2353,,9764,20170,287308,59988,177076,50244
ARKANSAS,2834797,15226,198,1294,,3105,10629,112130,32035,73096,6999
CALIFORNIA,36553215,191561,2262,9046,,70706,109547,1112510,237850,654526,220134
COLORADO,4861515,17101,155,2075,,3461,11410,145808,28633,100519,16656
CONNECTICUT,3502309,10547,113,690,,4303,5441,86528,15640,60937,9951
DELAWARE,864764,6100,39,341,,1763,3957,29216,6420,20454,2342
FLORIDA,18251243,131878,1202,6149,,38155,86372,746249,181836,490783,73630
GEORGIA,9544750,46917,720,2198,,17291,26708,371248,90294,238436,42518
HAWAII,1283388,3544,24,377,,1122,2021,52866,9089,37494,6283
IDAHO,1499402,3841,49,607,,243,2942,34124,7131,24727,2266
ILLINOIS,12852548,68528,752,4103,,23100,40573,377322,75524,267911,33887
INDIANA,6345289,21310,350,1738,,7845,11377,213887,46485,147999,19403
IOWA,2988046,8970,39,970,,1328,6633,79133,17176,57018,4939
KANSAS,2775997,12730,106,1287,,2022,9315,102961,20461,73900,8600
KENTUCKY,4241474,12329,206,1365,,4068,6690,107987,27820,71489,8678
LOUISIANA,4293204,31789,625,1427,,6316,23421,180516,46932,118291,15293
MAINE,1317207,1565,20,392,,349,804,32249,6745,24228,1276
MARYLAND,5618344,36063,554,1179,,13258,21072,192796,37095,127308,28393
MASSACHUSETTS,6449755,28487,187,1643,,7021,19636,154743,35767,103925,15051
MICHIGAN,10071822,53765,661,4592,,13365,35147,308550,75273,191289,41988
MINNESOTA,5197621,15054,116,1873,,4770,8295,158257,29717,115892,12648
MISSISSIPPI,2918785,8502,202,1033,,2896,4371,90887,27223,56473,7191
MISSOURI,5878415,32962,367,1785,,7728,23082,225113,44897,156319,23897
MONTANA,957861,3638,27,363,,233,3015,27837,3476,22315,2046
NEBRASKA,1774571,5524,71,550,,1115,3788,55765,9035,41484,5246
NEVADA,2565382,19365,193,1096,,6938,11138,97118,24911,49844,22363
NEW HAMPSHIRE,1315828,1896,12,357,,451,1076,26394,5074,19909,1411
NEW JERSEY,8685920,28544,381,1032,,12567,14564,192338,37234,133145,21959
NEW MEXICO,1969915,13311,183,1028,,2323,9777,75168,20823,45442,8903
NEW YORK,19297729,79962,805,2928,,31085,45144,383624,64914,290681,28029
NORTH CAROLINA,9061032,42231,584,2386,,13534,25727,369893,108700,233241,27952
NORTH DAKOTA,639715,1343,17,252,,75,999,12796,2314,9500,982
OHIO,11466917,40759,529,4661,,18351,17218,397681,99049,264677,33955
OKLAHOMA,3617316,18234,224,1565,,3392,13053,128714,34367,80747,13600
OREGON,3747455,11015,76,1276,,2864,6799,132773,22979,95157,14637
PENNSYLVANIA,12432792,51806,725,3443,,19440,28198,293850,56091,211248,26511
RHODE ISLAND,1057832,2424,19,258,,760,1387,27576,5206,19175,3195
SOUTH CAROLINA,4407709,34630,364,1773,,6354,26139,189304,45398,126802,17104
SOUTH DAKOTA,796214,1926,31,433,,118,1344,13829,2647,10398,784
TENNESSEE,6156719,46482,405,2201,,11033,32843,252342,61817,168807,21718
TEXAS,23904380,122014,1419,8460,,38778,73357,985421,228320,663101,94000
UTAH,2645330,6347,59,935,,1425,3928,93082,15594,68573,8915
VERMONT,621254,802,13,128,,79,582,14702,3200,10853,649
VIRGINIA,7712091,21035,415,1793,,7696,11131,191763,32028,145634,14101
WASHINGTON,6468424,21768,174,2653,,6079,12862,261776,52874,170782,38120
WEST VIRGINIA,1812035,5016,65,388,,847,3716,45620,10822,31321,3477
WISCONSIN,5601640,16330,185,1227,,5480,9438,159305,27890,117957,13458
WYOMING,522830,1344,21,172,,84,1067,15053,2365,11875,813
ALABAMA,4661900,21110,351,1618,,7346,11795,190416,50411,126539,13466
ALASKA,686293,4475,27,447,,645,3356,20090,3237,15225,1628
ARIZONA,6500180,31567,462,2200,,9809,19096,266653,58606,169460,38587
ARKANSAS,2855390,14649,165,1463,,2777,10244,110360,33912,69905,6543
CALIFORNIA,36756666,185329,2142,8903,,69388,104896,1080996,237811,650656,192529
COLORADO,4939456,17480,165,2151,,3404,11760,139340,28054,97937,13349
CONNECTICUT,3501252,10737,132,680,,4043,5882,87210,15107,63212,8891
DELAWARE,873092,6187,57,371,,1847,3912,31385,6783,22045,2557
FLORIDA,18328340,126256,1168,5972,,36268,82848,758889,188472,506902,63515
GEORGIA,9685744,47353,640,2334,,17808,26571,387917,100564,247709,39644
HAWAII,1288198,3510,26,363,,1085,2036,45944,9404,31424,5116
IDAHO,1523816,3680,23,579,,239,2839,31940,6748,23532,1660
ILLINOIS,12901563,67780,790,4118,,24054,38818,378355,78968,266815,32572
INDIANA,6376792,21525,322,1711,,7580,11912,213639,48805,147334,17500
IOWA,3002555,8651,77,937,,1249,6388,73273,16598,52299,4376
KANSAS,2802134,11554,113,1226,,1681,8534,94882,19651,67826,7405
KENTUCKY,4269245,12690,201,1457,,4080,6952,114492,29556,77279,7657
LOUISIANA,4410796,29613,544,1250,,6241,21578,171179,45524,112091,13564
MAINE,1316456,1572,31,379,,333,829,32433,6559,24695,1179
MARYLAND,5633597,35393,493,1127,,13203,20570,198165,38849,133983,25333
MASSACHUSETTS,6497967,30137,166,1751,,7077,21143,155919,36251,106913,12755
MICHIGAN,10003422,51512,554,4507,,13246,33205,295100,74787,184558,35755
MINNESOTA,5220393,13853,110,1805,,4179,7759,149517,26558,112764,10195
MISSISSIPPI,2938618,8942,236,958,,3079,4669,85488,25506,53730,6252
MISSOURI,5911605,29701,456,1612,,7395,20238,216522,45763,150002,20757
MONTANA,967440,3013,40,358,,204,2411,26300,3689,20834,1777
NEBRASKA,1783432,5570,69,601,,1297,3603,51350,8731,38394,4225
NEVADA,2600167,18973,165,1106,,6486,11216,90006,24254,49814,15938
NEW HAMPSHIRE,1315809,2054,14,385,,421,1234,28387,4266,22714,1407
NEW JERSEY,8682661,28351,376,1122,,12701,14152,199127,40402,138545,20180
NEW MEXICO,1984356,12967,161,1118,,2151,9537,75718,20706,46995,8017
NEW YORK,19490297,77546,836,2798,,31787,42125,388599,65544,297962,25093
NORTH CAROLINA,9222414,43125,599,2296,,14323,25907,372763,111556,234480,26727
NORTH DAKOTA,641481,1441,11,331,,73,1026,13029,2336,9782,911
OHIO,11485910,40436,547,4531,,18706,16652,391667,102428,260788,28451
OKLAHOMA,3642361,19359,215,1471,,3698,13975,126535,35247,80265,11023
OREGON,3790060,9909,87,1183,,2656,5983,125169,21115,92677,11377
PENNSYLVANIA,12448279,51044,705,3485,,18873,27981,300294,58687,219115,22492
RHODE ISLAND,1050788,2656,31,282,,880,1463,29895,5766,20926,3203
SOUTH CAROLINA,4479800,32746,307,1686,,6595,24158,189950,45964,126316,17670
SOUTH DAKOTA,804194,2227,37,562,,134,1494,13867,2683,10266,918
TENNESSEE,6214888,44913,412,2078,,10804,31619,251089,65093,166793,19203
TEXAS,24326974,123585,1370,8055,,37739,76421,969865,230046,654435,85384
UTAH,2736424,6165,41,915,,1421,3788,92373,14766,70299,7308
VERMONT,621270,854,17,133,,93,611,15903,3515,11802,586
VIRGINIA,7769089,20031,370,1794,,7470,10397,196726,32188,151191,13347
WASHINGTON,6549224,21888,193,2653,,6419,12623,249283,53136,167013,29134
WEST VIRGINIA,1814468,5006,67,389,,896,3654,45971,10840,31967,3164
WISCONSIN,5627967,15507,146,1128,,5163,9070,155456,27459,116456,11541
WYOMING,532668,1330,12,185,,87,1046,14515,2198,11584,733
ALABAMA,4708708,21194,322,1504,,6265,13103,178007,48844,118072,11091
ALASKA,698473,4424,22,513,,654,3235,20538,3600,15251,1687
ARIZONA,6595778,28128,380,2279,,8199,17270,236721,54308,155976,26437
ARKANSAS,2889450,14905,179,1378,,2576,10772,109078,34753,68228,6097
CALIFORNIA,36961664,174934,1972,8713,,64093,100156,1009433,230198,615402,163833
COLORADO,5024748,17022,159,2269,,3371,11223,134196,26637,95079,12480
CONNECTICUT,3518288,10588,106,657,,4001,5824,82625,15172,59992,7461
DELAWARE,885122,5713,41,395,,1680,3597,29685,6943,20836,1906
FLORIDA,18537969,113541,1017,5501,,30911,76112,712010,181884,479867,50259
GEORGIA,9829211,42073,566,2323,,14631,24553,360985,98606,229216,33163
HAWAII,1295178,3550,23,385,,1030,2112,47516,9244,33415,4857
IDAHO,1545801,3805,24,575,,254,2952,31220,6682,23066,1472
ILLINOIS,12910409,64185,773,3901,,22923,36588,353347,77850,248821,26676
INDIANA,6423113,21455,312,1621,,7347,12175,199907,48880,137190,13837
IOWA,3007856,8485,38,890,,1201,6356,70080,16419,49757,3904
KANSAS,2818747,11460,125,1179,,1786,8370,90930,19473,65499,5958
KENTUCKY,4314113,11000,184,1531,,3642,5643,108914,29880,72938,6096
LOUISIANA,4492076,28878,529,1351,,6150,20848,172619,46928,114102,11589
MAINE,1318301,1580,26,375,,399,780,31706,6729,23955,1022
MARYLAND,5699478,33625,440,1156,,12007,20022,182295,36905,125771,19619
MASSACHUSETTS,6593587,30503,173,1734,,7467,21129,153178,34515,106799,11864
MICHIGAN,9969727,49825,623,4524,,12427,32251,284019,76046,178628,29345
MINNESOTA,5266214,12874,74,1789,,3619,7392,139286,25580,105160,8546
MISSISSIPPI,2951996,8451,194,991,,2969,4297,87327,29559,52329,5439
MISSOURI,5987580,29513,387,1606,,7437,20083,201783,43591,140764,17428
MONTANA,974989,2798,32,357,,228,2181,24826,3686,19528,1612
NEBRASKA,1796619,5199,41,617,,1220,3321,49731,8726,37496,3509
NEVADA,2643085,18639,156,1024,,6028,11431,80976,22115,46463,12398
NEW HAMPSHIRE,1324575,2125,11,399,,454,1261,28790,4915,22748,1127
NEW JERSEY,8707739,27113,319,1041,,11639,14114,180752,36945,128303,15504
NEW MEXICO,2009671,12709,198,1069,,1932,9510,74639,21955,46182,6502
NEW YORK,19541453,75110,781,2582,,28141,43606,377537,62769,292897,21871
NORTH CAROLINA,9380884,37946,489,2306,,11825,23326,343707,107830,215923,19954
NORTH DAKOTA,646844,1723,12,296,,107,1308,12813,2426,9474,913
OHIO,11542645,38305,527,4119,,17670,15989,376446,104009,249777,22660
OKLAHOMA,3687050,18560,234,1535,,3358,13433,132350,38071,83813,10466
OREGON,3825657,9968,88,1202,,2499,6179,114780,19739,85064,9977
PENNSYLVANIA,12604767,48188,664,3626,,17504,26394,277182,54772,204588,17822
RHODE ISLAND,1053209,2678,32,296,,785,1565,27558,5753,19403,2402
SOUTH CAROLINA,4561242,30799,305,1663,,5753,23078,178310,45443,119250,13617
SOUTH DAKOTA,812383,1777,30,501,,117,1129,14378,2621,10891,866
TENNESSEE,6296254,41933,468,2019,,9653,29793,237157,63832,158309,15016
TEXAS,24782302,121684,1330,8311,,38022,74021,995082,240058,678455,76569
UTAH,2784572,5998,39,941,,1304,3714,91751,15258,69556,6937
VERMONT,621760,837,8,132,,111,586,15010,3471,11090,449
VIRGINIA,7882590,18195,370,1572,,6342,9911,194020,31956,150374,11690
WASHINGTON,6664195,22412,190,2583,,6711,12928,245215,53047,168421,23747
WEST VIRGINIA,1819777,5554,84,470,,914,4086,46215,12005,31453,2757
WISCONSIN,5654774,14650,146,1118,,4904,8482,147692,26813,111947,8932
WYOMING,544270,1196,11,172,,78,935,14243,2176,11310,757
ALABAMA,4785401,18363,275,1355,,4864,11869,168828,42484,115564,10780
ALASKA,714146,4537,31,533,,594,3379,20259,3105,15535,1619
ARIZONA,6413158,26528,408,2191,,6953,16976,226802,50932,154137,21733
ARKANSAS,2921588,14711,134,1321,,2369,10887,103820,32463,65796,5561
CALIFORNIA,37338198,164133,1809,8331,,58116,95877,981939,228857,600558,152524
COLORADO,5047692,16339,129,2230,,3164,10816,135001,26196,97534,11271
CONNECTICUT,3575498,10083,133,595,,3553,5802,78259,15145,56413,6701
DELAWARE,899792,5608,51,326,,1839,3392,31078,7550,21593,1935
FLORIDA,18838613,101969,987,5373,,26086,69523,669035,169119,458454,41462
GEORGIA,9712157,39068,555,2107,,12372,24034,353449,96947,226161,30341
HAWAII,1363359,3603,25,377,,1065,2136,45667,8706,31681,5280
IDAHO,1571102,3464,22,533,,213,2696,31436,6513,23594,1329
ILLINOIS,12841980,57132,704,3066,,20386,32976,349064,77472,242681,28911
INDIANA,6490622,20983,268,1760,,6559,12396,199274,48570,137204,13500
IOWA,3050202,8191,38,883,,1012,6258,68740,16746,48194,3800
KANSAS,2859143,10602,97,1146,,1538,7821,89109,19315,63774,6020
KENTUCKY,4347223,10604,188,1438,,3748,5230,111170,30443,74488,6239
LOUISIANA,4545343,25241,500,1230,,5297,18214,165667,45437,110260,9970
MAINE,1327379,1621,24,389,,412,796,32900,7364,24547,989
MARYLAND,5785681,31607,426,1228,,11054,18899,173309,36704,118578,18027
MASSACHUSETTS,6555466,30737,214,1784,,6897,21842,154496,37903,105124,11469
MICHIGAN,9877143,48693,580,4733,,11522,31858,271501,74345,169748,27408
MINNESOTA,5310658,12515,96,1798,,3388,7233,136431,24415,103429,8587
MISSISSIPPI,2970072,7999,204,931,,2777,4087,88596,30453,52784,5359
MISSOURI,5995715,27440,420,1445,,6185,19390,200858,44197,140526,16135
MONTANA,990958,2733,25,332,,154,2222,25409,3692,20166,1551
NEBRASKA,1830141,5093,54,674,,1020,3345,48827,8318,36896,3613
NEVADA,2704283,17929,158,965,,5298,11508,75004,22286,42533,10185
NEW HAMPSHIRE,1316807,2204,13,411,,450,1330,29230,5444,22789,997
NEW JERSEY,8799593,27055,371,981,,11818,13885,183042,38732,128754,15556
NEW MEXICO,2065913,12147,140,959,,1616,9432,70776,21023,44503,5250
NEW YORK,19395206,76492,868,2797,,28630,44197,379710,65839,293232,20639
NORTH CAROLINA,9560234,34679,474,2002,,9620,22583,329202,102826,208057,18319
NORTH DAKOTA,674629,1548,10,245,,90,1203,12010,2000,9137,873
OHIO,11537968,36306,479,3730,,16486,15611,376836,107125,248581,21130
OKLAHOMA,3760184,18100,195,1469,,3345,13091,129464,37848,81303,10313
OREGON,3838332,9648,96,1239,,2421,5892,116657,20035,87494,9128
PENNSYLVANIA,12717722,46612,653,3472,,16375,26112,276366,55206,204440,16720
RHODE ISLAND,1052528,2709,29,298,,782,1600,26959,6124,18432,2403
SOUTH CAROLINA,4637106,27923,265,1551,,5017,21090,181098,46261,121544,13293
SOUTH DAKOTA,816598,2196,23,385,,154,1634,15188,3192,11196,800
TENNESSEE,6357436,38909,359,2173,,8361,28016,232855,64293,153729,14833
TEXAS,25253466,113231,1249,7622,,32843,71517,951246,228597,654626,68023
UTAH,2775479,5925,53,983,,1269,3620,88316,15095,67242,5979
VERMONT,625909,820,7,141,,76,596,14160,3348,10373,439
VIRGINIA,8023953,17184,376,1580,,5678,9550,187403,30804,145990,10609
WASHINGTON,6742950,21138,154,2579,,5929,12476,249426,55192,168490,25744
WEST VIRGINIA,1854368,5586,58,362,,776,4390,41301,10778,28104,2419
WISCONSIN,5691659,14167,155,1191,,4516,8305,142781,26636,107993,8152
WYOMING,564554,1117,8,162,,77,870,13869,2151,11126,592
ALABAMA,4803689,20166,299,1370,,4906,13591,173192,51119,111411,10662
ALASKA,723860,4416,30,436,,576,3374,19094,2852,14854,1388
ARIZONA,6467315,26789,397,2499,,7145,16748,229896,54695,155400,19801
ARKANSAS,2938582,14173,160,1230,,2357,10426,110430,34016,70645,5769
CALIFORNIA,37683933,154943,1792,7665,,54291,91195,973822,230075,596905,146842
COLORADO,5116302,16085,155,2285,,3299,10346,132781,25725,96054,11002
CONNECTICUT,3586717,9889,129,689,,3689,5382,77205,15468,55067,6670
DELAWARE,908137,5144,48,307,,1558,3231,31163,7617,22001,1545
FLORIDA,19082262,98198,984,5273,,25622,66319,671200,170171,461408,39621
GEORGIA,9812460,36762,549,2066,,12266,21881,357235,96014,231543,29678
HAWAII,1378129,3465,20,353,,994,2098,43874,8165,31240,4469
IDAHO,1583744,3202,35,444,,188,2535,32875,6915,24629,1331
ILLINOIS,12859752,54523,781,3030,,20217,30495,344468,77719,237362,29387
INDIANA,6516353,21619,306,1758,,6977,12578,206016,50571,140630,14815
IOWA,3064097,7883,44,866,,824,6149,72043,17573,50472,3998
KANSAS,2870386,10209,111,1122,,1448,7528,88655,18712,63259,6684
KENTUCKY,4366814,10465,151,1499,,3705,5110,119037,32750,79586,6701
LOUISIANA,4574766,25373,506,1262,,5235,18370,168529,46242,113174,9113
MAINE,1328544,1638,26,394,,370,848,33829,7865,24886,1078
MARYLAND,5839572,28817,399,1200,,10342,16876,166846,35823,114951,16072
MASSACHUSETTS,6607003,28232,184,1654,,6768,19626,148829,36403,101644,10782
MICHIGAN,9876801,43731,617,4344,,10263,28507,251329,69755,156666,24908
MINNESOTA,5347299,12323,75,2113,,3385,6750,136183,25681,102354,8148
MISSISSIPPI,2977457,8009,232,863,,2496,4418,89809,30722,54179,4908
MISSOURI,6008984,26888,366,1469,,6275,18778,199085,44875,138879,15331
MONTANA,997667,2755,29,366,,171,2189,23885,3347,19089,1449
NEBRASKA,1842234,4672,68,699,,993,2912,50894,8725,38060,4109
NEVADA,2720028,15452,139,913,,4308,10092,70075,20342,40156,9577
NEW HAMPSHIRE,1317807,2864,16,581,,509,1758,32756,6244,25398,1114
NEW JERSEY,8834773,27203,380,1006,,12209,13608,189719,43238,129066,17415
NEW MEXICO,2078674,11904,158,856,,1720,9170,73549,21419,46730,5400
NEW YORK,19501616,77463,769,2751,,28405,45538,371837,65227,287361,19249
NORTH CAROLINA,9651103,33421,498,1959,,9448,21516,337806,105534,215453,16819
NORTH DAKOTA,684740,1699,24,266,,91,1318,13334,2458,9891,985
OHIO,11541007,35218,500,3679,,15991,15048,380572,112901,246744,20927
OKLAHOMA,3784163,17311,212,1410,,3288,12401,127618,36462,80064,11092
OREGON,3868229,9643,84,1239,,2237,6083,121869,20704,92059,9106
PENNSYLVANIA,12743948,46189,639,3339,,16165,26046,283442,57966,208604,16872
RHODE ISLAND,1050646,2586,20,319,,744,1503,27976,6836,18765,2375
SOUTH CAROLINA,4673348,27894,320,1678,,4631,21265,183243,47351,122255,13637
SOUTH DAKOTA,823593,2105,20,503,,167,1415,15299,2927,11423,949
TENNESSEE,6399787,38895,380,2095,,8082,28338,230900,62830,153928,14142
TEXAS,25631778,104734,1130,7486,,28620,67498,892810,215755,613131,63924
UTAH,2814347,5547,50,901,,1079,3517,84084,13170,64727,6187
VERMONT,626592,925,11,146,,99,669,15086,3838,10720,528
VIRGINIA,8104384,16014,304,1591,,5425,8694,182902,30656,142476,9770
WASHINGTON,6823267,20152,163,2320,,5627,12042,244209,56561,162828,24820
WEST VIRGINIA,1854908,5497,87,372,,802,4236,39009,10245,26656,2108
WISCONSIN,5709843,14268,138,1190,,4600,8340,139912,27167,104472,8273
WYOMING,567356,1245,18,146,,71,1010,12878,1864,10493,521
ALABAMA,4817528,21693,342,1296,,5020,15035,168878,47481,111523,9874
ALASKA,730307,4412,30,583,,630,3169,20037,2950,15565,1522
ARIZONA,6551149,28077,358,2282,,7383,18054,231701,52911,159808,18982
ARKANSAS,2949828,13851,174,1233,,2310,10134,109389,32673,70982,5734
CALIFORNIA,37999878,160944,1884,7837,,56521,94702,1049465,245767,635090,168608
COLORADO,5189458,15951,152,2122,,3392,10285,139355,26163,101091,12101
CONNECTICUT,3591765,10183,117,933,,3709,5424,77169,14787,55904,6478
DELAWARE,917053,5048,56,249,,1498,3245,30707,7389,21880,1438
FLORIDA,19320749,94087,1009,5260,,23889,63929,632988,153563,442095,37330
GEORGIA,9915646,37675,583,2143,,12502,22447,339473,86992,223875,28606
HAWAII,1390090,3378,21,279,,1125,1953,43419,7653,31901,3865
IDAHO,1595590,3348,30,495,,243,2580,31825,7240,23203,1382
ILLINOIS,12868192,53556,770,3581,,19480,29725,332706,71100,235314,26292
INDIANA,6537782,22544,307,1661,,6601,13975,197994,47689,136668,13637
IOWA,3075039,8167,49,901,,962,6255,70357,17201,49116,4040
KANSAS,2885398,10292,85,1105,,1493,7609,91066,18874,65413,6779
KENTUCKY,4379730,9852,201,1312,,3547,4792,112800,29877,76199,6724
LOUISIANA,4602134,22839,489,1155,,5458,15737,162673,42037,112764,7872
MAINE,1328501,1626,26,372,,420,808,33398,7476,24931,991
MARYLAND,5884868,28086,373,1237,,10173,16303,162309,33803,113550,14956
MASSACHUSETTS,6645303,27047,121,1650,,6555,18721,143325,34635,99453,9237
MICHIGAN,9882519,44962,701,4635,,10423,29203,249249,65560,158609,25080
MINNESOTA,5379646,12419,99,1638,,3475,7207,138152,25378,104316,8458
MISSISSIPPI,2986450,7769,213,819,,2277,4460,83933,28084,51520,4329
MISSOURI,6024522,27189,390,1527,,5782,19490,199813,42510,140971,16332
MONTANA,1005494,2803,29,392,,202,2180,26102,3920,20484,1698
NEBRASKA,1855350,4802,52,710,,1128,2912,51203,8745,38301,4157
NEVADA,2754354,16763,124,931,,4918,10790,77510,22120,45372,10018
NEW HAMPSHIRE,1321617,2841,15,486,,471,1869,32074,5988,25024,1062
NEW JERSEY,8867749,25727,388,1035,,11385,12919,181481,42338,122662,16481
NEW MEXICO,2083540,11660,116,957,,1847,8740,75094,21384,48247,5463
NEW YORK,19576125,79535,683,2837,,28633,47382,375268,64389,293562,17317
NORTH CAROLINA,9748364,34464,479,1984,,9392,22609,328594,99323,213151,16120
NORTH DAKOTA,701345,1723,25,279,,127,1292,14297,2429,10687,1181
OHIO,11553031,34827,478,3813,,15396,15140,370435,105312,245372,19751
OKLAHOMA,3815780,18102,220,1622,,3248,13012,130969,36094,83131,11744
OREGON,3899801,9638,91,1159,,2419,5969,126417,22051,94114,10252
PENNSYLVANIA,12764475,45384,707,3371,,15735,25571,276562,57040,204409,15113
RHODE ISLAND,1050304,2657,36,292,,715,1614,27039,5929,18478,2632
SOUTH CAROLINA,4723417,26474,332,1712,,4511,19919,181049,45222,122340,13487
SOUTH DAKOTA,834047,2701,23,600,,157,1921,17326,3280,12973,1073
TENNESSEE,6454914,41213,400,2047,,8151,30615,217925,56231,148731,12963
TEXAS,26060796,106475,1148,7715,,30385,67227,876459,205002,606425,65032
UTAH,2854871,5939,52,975,,1105,3807,86284,13095,67157,6032
VERMONT,625953,891,8,131,,114,638,15653,4179,11014,460
VIRGINIA,8186628,15676,322,1505,,4718,9131,178434,29651,139654,9129
WASHINGTON,6895318,20553,217,2250,,5801,12285,254377,61376,166338,26663
WEST VIRGINIA,1856680,5943,70,415,,835,4623,44500,11466,30800,2234
WISCONSIN,5724554,16254,169,1228,,4692,10165,140780,27931,104619,8230
WYOMING,576626,1161,14,154,,61,932,13222,2125,10513,584
ALABAMA,4833996,20834,346,1449,2055,4645,13788,161835,42410,108862,10563
ALASKA,737259,4709,34,657,925,623,3127,21211,2917,16599,1695
ARIZONA,6634997,27576,355,2344,3174,6656,17391,223294,48292,158036,16966
ARKANSAS,2958765,13705,158,1135,1490,2261,9796,106477,30369,70430,5678
CALIFORNIA,38431393,154739,1746,7464,10324,53640,89029,1018907,232058,621557,165292
COLORADO,5272086,16099,174,2198,2963,3136,9826,139974,25075,102375,12524
CONNECTICUT,3599341,9439,91,647,891,3551,4906,71274,12934,52099,6241
DELAWARE,925240,4633,41,278,399,1233,2960,29001,6299,21347,1355
FLORIDA,19600311,91993,972,4765,6767,23200,61054,607170,138915,433344,34911
GEORGIA,9994759,37519,563,2022,2891,12704,21361,339808,83459,229190,27159
HAWAII,1408987,3585,32,366,508,934,2111,45266,7777,32928,4561
IDAHO,1612843,3471,29,516,674,220,2548,30230,6693,21999,1538
ILLINOIS,12890552,51956,722,3895,5340,17733,28161,296048,59093,216059,20896
INDIANA,6570713,23627,357,1623,2241,7114,13915,187472,42754,130534,14184
IOWA,3092341,8443,41,873,1133,937,6332,67976,15918,47803,4255
KANSAS,2895801,9928,117,1003,1295,1339,7177,85704,17476,61557,6671
KENTUCKY,4399583,9280,172,951,1646,3247,4215,104448,26331,72048,6069
LOUISIANA,4629284,24127,494,1248,1763,5539,16331,165679,41214,115300,9165
MAINE,1328702,1761,24,366,495,335,907,30454,6480,23063,911
MARYLAND,5938737,28235,384,1179,1679,10048,16124,157918,31950,112551,13417
MASSACHUSETTS,6708874,27264,138,1722,2303,6705,18118,137274,30716,97437,9121
MICHIGAN,9898193,44757,625,4506,6785,10093,27254,230135,56256,149794,24085
MINNESOTA,5422060,12710,114,1453,2014,3674,6908,131193,22713,100514,7966
MISSISSIPPI,2992206,8303,217,726,1024,2413,4649,81548,24969,52192,4387
MISSOURI,6044917,26216,369,1679,2305,5486,18056,189655,38797,134514,16344
MONTANA,1014864,2924,23,382,467,217,2217,26195,4122,20192,1881
NEBRASKA,1868969,4949,56,621,847,1035,3011,49197,8945,35791,4461
NEVADA,2791494,16888,163,1090,1482,5183,10060,79177,23047,46132,9998
NEW HAMPSHIRE,1322616,2952,21,522,778,647,1506,29278,4979,23355,944
NEW JERSEY,8911502,25748,404,861,1189,12084,12071,167634,35883,118005,13746
NEW MEXICO,2086895,12990,123,1135,1565,1832,9470,78958,21828,51146,5984
NEW YORK,19695680,77563,644,2575,3548,27241,46130,358603,56444,286676,15483
NORTH CAROLINA,9848917,33587,463,1790,2524,9275,21325,305631,90182,201043,14406
NORTH DAKOTA,723857,1979,16,288,355,161,1447,15356,2979,10942,1435
OHIO,11572005,33722,478,3594,4391,14483,14370,338414,91090,227799,19525
OKLAHOMA,3853118,17187,198,1715,2314,3023,11652,126418,33512,81624,11282
OREGON,3928068,9536,82,1000,1464,2394,5596,125083,20808,94363,9912
PENNSYLVANIA,12781296,42825,611,2728,3795,14739,23680,263176,52000,197410,13766
RHODE ISLAND,1053354,2710,31,333,449,683,1547,25741,5621,17881,2239
SOUTH CAROLINA,4771929,24263,305,1739,2233,3965,17760,173261,40930,119730,12601
SOUTH DAKOTA,845510,2733,18,454,507,156,2052,16274,3383,11955,936
TENNESSEE,6497269,38063,335,1904,2500,7333,27895,207683,51334,144443,11906
TEXAS,26505637,108757,1140,7610,10456,31810,65351,862289,191062,605440,65787
UTAH,2902787,6644,51,926,1522,1247,3824,88334,13727,67115,7492
VERMONT,626855,775,10,113,136,75,554,13882,3352,10193,337
VIRGINIA,8270345,16355,320,1476,2350,4574,9111,171558,26717,136215,8626
WASHINGTON,6973742,20223,167,2072,2604,5829,11623,259139,58487,172227,28425
WEST VIRGINIA,1853595,5657,62,367,700,653,4242,39929,9908,28055,1966
WISCONSIN,5742953,16118,163,1308,1836,4834,9285,125694,24358,93946,7390
WYOMING,583223,1212,17,144,204,74,917,12809,1956,10275,578
ALABAMA,4849377,20727,276,1436,2005,4701,13745,154094,39715,104238,10141
ALASKA,736732,4684,41,555,771,629,3243,20334,3150,15445,1739
ARIZONA,6731484,26916,319,2464,3378,6249,16970,215240,43562,154091,17587
ARKANSAS,2966369,14243,165,1182,1763,2050,10265,99018,24790,68627,5601
CALIFORNIA,38802500,153709,1699,8398,11527,48680,91803,947192,202670,592670,151852
COLORADO,5355866,16554,151,2121,3039,3039,10325,135510,23472,99464,12574
CONNECTICUT,3596677,8522,86,571,782,3159,4495,69070,11955,51005,6110
DELAWARE,935614,4576,54,249,386,1269,2867,27900,5768,20865,1267
FLORIDA,19893297,107521,1149,6051,8563,24914,72895,679446,143220,493647,42579
GEORGIA,10097343,38097,580,2159,3048,12417,22052,331316,76428,228034,26854
HAWAII,1419561,3680,26,314,445,1107,2102,43297,7778,31640,3879
IDAHO,1634464,3468,32,468,609,204,2623,30316,6428,22227,1661
ILLINOIS,12880580,47663,685,3081,4159,15299,27520,267385,50008,199926,17451
INDIANA,6596855,24099,330,1615,2186,6897,14686,174776,36893,124022,13861
IOWA,3107126,8497,60,828,1128,1045,6264,65056,14428,46477,4151
KANSAS,2904021,10123,91,1075,1411,1362,7259,79431,15828,56697,6906
KENTUCKY,4413457,9340,160,883,1440,3336,4404,99166,23244,69604,6318
LOUISIANA,4649676,23934,477,992,1375,5695,16387,160824,38337,112596,9891
MAINE,1330089,1700,21,360,485,304,890,26421,5030,20592,799
MARYLAND,5976407,26661,365,1144,1619,9544,15133,149859,28012,108745,13102
MASSACHUSETTS,6745408,26399,132,1629,2180,6036,18051,125267,24964,92043,8260
MICHIGAN,9909877,42348,535,4049,6273,8021,27519,202547,44184,137206,21157
MINNESOTA,5457173,12505,88,1452,2001,3687,6729,125377,20773,96237,8367
MISSISSIPPI,2994079,8338,258,764,1058,2430,4592,87462,24352,58591,4519
MISSOURI,6063589,26856,403,1706,2379,5592,18482,176237,35258,124622,16357
MONTANA,1023579,3313,37,430,541,203,2532,25312,3595,19674,2043
NEBRASKA,1881503,5275,54,620,862,1043,3316,47479,7950,35074,4455
NEVADA,2839099,18045,170,995,1357,5954,10564,74538,21927,42426,10185
NEW HAMPSHIRE,1326813,2602,12,458,594,537,1459,26041,4162,21022,857
NEW JERSEY,8938175,23346,349,953,1274,10498,11225,154993,31710,111578,11705
NEW MEXICO,2085572,12459,101,1071,1475,2086,8797,73877,18505,49082,6290
NEW YORK,19746227,75398,617,3918,5433,24045,45303,339282,50781,272765,15736
NORTH CAROLINA,9943964,32767,510,1740,2420,8416,21421,285697,79373,192694,13630
NORTH DAKOTA,739482,1960,22,276,358,173,1407,15605,2707,11384,1514
OHIO,11594163,33030,464,4097,5042,12753,14771,324528,78845,227668,18015
OKLAHOMA,3878051,15744,175,1277,1777,3048,10744,115982,29508,75891,10583
OREGON,3970239,9224,81,1052,1458,2093,5592,114305,17230,87526,9549
PENNSYLVANIA,12787209,40164,614,2787,3827,13534,22189,247016,45720,188256,13040
RHODE ISLAND,1055173,2313,25,253,361,529,1398,22935,4823,16279,1833
SOUTH CAROLINA,4832482,24052,311,1480,2068,3997,17676,167217,36721,117594,12902
SOUTH DAKOTA,853175,2786,20,413,470,200,2096,15902,2818,12077,1007
TENNESSEE,6549352,39848,371,1861,2531,7265,29681,200447,46642,141206,12599
TEXAS,26956958,109414,1184,8236,11393,31181,65656,813934,169234,576154,68546
UTAH,2942902,6346,67,945,1454,1312,3513,84711,11518,65895,7298
VERMONT,626562,622,10,99,110,70,432,9551,2034,7273,244
VIRGINIA,8326289,16340,338,1432,2310,4292,9400,160720,23122,129933,7665
WASHINGTON,7061530,20136,174,2171,2695,5640,11627,261706,55290,175769,30647
WEST VIRGINIA,1850326,5588,74,285,505,651,4358,37648,8973,26779,1896
WISCONSIN,5757564,16714,165,1168,1674,5066,9809,120238,21216,89103,9919
WYOMING,584153,1142,16,126,174,53,899,11477,1689,9185,603
ALABAMA,4858979,22952,348,1456,2039,4611,15954,144746,35255,99156,10335
ALASKA,738432,5392,59,650,901,761,3671,20806,3511,15249,2046
ARIZONA,6828065,28012,309,2294,3108,6360,18235,207107,37957,152365,16785
ARKANSAS,2978204,15526,181,1300,1931,2098,11316,96836,22640,68424,5772
CALIFORNIA,39144818,166883,1861,9387,12811,52862,99349,1024914,197404,656517,170993
COLORADO,5456574,17515,176,2377,3257,3323,10759,144136,23454,104682,16000
CONNECTICUT,3590886,7845,117,582,773,2892,4063,65066,10053,48675,6338
DELAWARE,945934,4720,63,243,341,1235,3081,25455,4773,19501,1181
FLORIDA,20271272,93626,1041,5430,7553,21137,63895,570270,109268,420341,40661
GEORGIA,10214860,38643,615,2296,3224,12247,22557,308723,66374,215867,26482
HAWAII,1431603,4201,19,400,561,1203,2418,54346,6557,42010,5779
IDAHO,1654930,3568,32,533,694,192,2650,28858,6124,20863,1871
ILLINOIS,12859995,49354,744,3549,4821,14910,28879,255729,46443,191634,17652
INDIANA,6619680,25653,373,1789,2404,7111,15765,171847,34410,123918,13519
IOWA,3123899,8936,72,851,1156,1047,6661,63957,14892,44723,4342
KANSAS,2911641,11353,128,1251,1615,1818,7792,79199,15362,56880,6957
KENTUCKY,4425092,9676,209,997,1492,3307,4668,96362,22260,66320,7782
LOUISIANA,4670724,25208,481,1260,1723,5550,17454,156629,35453,111435,9741
MAINE,1329328,1729,23,354,474,311,921,24327,4684,18829,814
MARYLAND,6006401,27462,516,1184,1666,9863,15417,139048,25678,100219,13151
MASSACHUSETTS,6794422,26562,128,1608,2075,5288,19071,114871,21890,84912,8069
MICHIGAN,9922576,41231,571,4163,6450,7796,26414,187101,40041,131296,15764
MINNESOTA,5489594,13319,133,1686,2321,3771,7094,121984,19299,94704,7981
MISSISSIPPI,2992333,8254,259,862,1203,2294,4498,84790,24799,55748,4243
MISSOURI,6083672,30261,502,1854,2553,6376,20830,173642,34006,122637,16999
MONTANA,1032949,3611,36,431,547,210,2818,27100,3838,20844,2418
NEBRASKA,1896190,5212,62,652,873,994,3283,42495,6422,32072,4001
NEVADA,2890845,20118,178,1238,1688,6287,11965,77137,22360,43426,11351
NEW HAMPSHIRE,1330608,2652,14,461,627,468,1543,23229,3467,18871,891
NEW JERSEY,8958013,22879,363,1019,1373,9729,11414,145701,27960,105963,11778
NEW MEXICO,2085109,13681,117,1215,1672,2485,9407,77094,17085,51483,8526
NEW YORK,,,,,,,,,,,
NORTH CAROLINA,10042802,34852,517,1939,2684,8825,22826,276183,74841,187907,13435
NORTH DAKOTA,756927,1812,21,276,345,148,1298,16020,2997,11440,1583
OHIO,11613423,33898,500,4154,5149,12554,15695,300525,69303,213993,17229
OKLAHOMA,3911338,16506,234,1352,1849,3005,11418,112878,28406,74022,10450
OREGON,4028977,10468,99,1164,1593,2146,6630,118719,18336,89836,10547
PENNSYLVANIA,12802503,40339,658,3122,4305,13003,22373,232085,39664,180287,12134
RHODE ISLAND,1056298,2562,29,338,459,556,1518,20043,3947,14707,1389
SOUTH CAROLINA,4896146,24700,399,1707,2297,3931,18073,161245,34551,113724,12970
SOUTH DAKOTA,858469,3289,32,441,495,216,2546,16680,2960,12532,1188
TENNESSEE,6600299,40400,406,1966,2676,7474,29844,193796,43247,137679,12870
TEXAS,27469114,113227,1316,8925,12250,31934,67727,777739,153054,557200,67485
UTAH,2995919,7071,54,1098,1645,1326,4046,89278,12468,68103,8707
VERMONT,626042,739,10,121,136,101,492,8806,1968,6660,178
VIRGINIA,8382993,16399,383,1493,2340,4441,9235,156470,21340,127019,8111
WASHINGTON,7170351,20394,211,2193,2705,5449,12029,248369,50993,170509,26867
WEST VIRGINIA,1844128,6231,70,420,672,760,4729,37251,9170,25842,2239
WISCONSIN,5771337,17647,240,1224,1780,5232,10395,113924,19554,83385,10985
WYOMING,586107,1302,16,125,173,59,1054,11151,1762,8797,592
ALABAMA,4860545,25878,407,,1915,4687,18869,143259,34045,97498,11716
ALASKA,741522,5966,52,,1053,850,4011,24876,4053,17766,3057
ARIZONA,6908642,32542,389,,3304,7045,21804,207317,38216,150618,18483
ARKANSAS,2988231,16563,217,,2214,2125,12007,98092,23814,67091,7187
CALIFORNIA,39296476,174796,1930,,13702,54789,104375,1002070,188304,637010,176756
COLORADO,5530105,19030,189,,3635,3525,11681,152146,23825,108680,19641
CONNECTICUT,3587685,8169,79,,791,2711,4588,64875,10107,47642,7126
DELAWARE,952698,4859,58,,311,1359,3131,26370,5028,19812,1530
FLORIDA,20656589,88700,1111,,7598,20175,59816,553812,100325,410352,43135
GEORGIA,10313620,40268,682,,3381,12114,24091,307305,62715,218127,26463
HAWAII,1428683,3452,35,,601,985,1831,42353,5983,30871,5499
IDAHO,1680026,3876,49,,719,213,2895,29357,6318,20962,2077
ILLINOIS,12835726,56054,1061,,5003,17829,32161,263256,48193,195196,19867
INDIANA,6634007,26516,431,,2449,7291,16345,168460,33567,120454,14439
IOWA,3130869,9170,73,,1278,1150,6669,65888,15306,45580,5002
KANSAS,2907731,11665,132,,1618,1757,8158,82293,14759,60119,7415
KENTUCKY,4436113,10452,265,,1748,3371,5068,97713,20932,66833,9948
LOUISIANA,4686157,26477,555,,1819,5575,18528,154511,34689,109492,10330
MAINE,1330232,1649,20,,413,268,948,21908,4001,17131,776
MARYLAND,6024752,29019,536,,1827,10815,15841,139716,24832,100995,13889
MASSACHUSETTS,6823721,25975,135,,2141,5365,18334,106430,19204,79155,8071
MICHIGAN,9933445,45782,612,,7268,7123,30779,190249,39738,130249,20262
MINNESOTA,5525050,13365,101,,2349,3730,7185,117723,18582,90421,8720
MISSISSIPPI,2985415,8411,237,,1282,2433,4459,82521,23489,54725,4307
MISSOURI,6091176,31720,538,,2557,6576,22049,170661,31716,120649,18296
MONTANA,1038656,3886,37,,598,268,2983,28156,3966,21427,2763
NEBRASKA,1907603,5661,49,,1108,946,3558,43197,6459,32009,4729
NEVADA,2939254,19924,228,,1729,6338,11629,75922,18816,43949,13157
NEW HAMPSHIRE,1335015,2668,19,,609,431,1609,20323,2989,16454,880
NEW JERSEY,8978416,21861,378,,1454,8940,11089,138012,25229,101459,11324
NEW MEXICO,2085432,14585,139,,1527,2737,10182,81930,17280,52907,11743
NEW YORK,19836286,74315,629,,6281,22310,45095,305224,39850,250990,14384
NORTH CAROLINA,10156689,37767,678,,2847,9336,24906,277765,72082,190377,15306
NORTH DAKOTA,755548,1905,16,,356,181,1352,17451,3248,12249,1954
OHIO,11622554,35759,683,,5754,12574,16748,300945,67081,214102,19762
OKLAHOMA,3921207,17855,247,,2100,3174,12334,118010,29376,76358,12276
OREGON,4085989,10983,116,,1784,2307,6776,121716,16919,91507,13290
PENNSYLVANIA,12787085,40389,674,,4459,12314,22942,222394,35178,174147,13069
RHODE ISLAND,1057566,2529,29,,445,541,1514,18910,3650,14157,1103
SOUTH CAROLINA,4959822,25137,358,,2491,4071,18217,161534,33149,114455,13930
SOUTH DAKOTA,861542,3636,28,,526,274,2808,17207,3002,12705,1500
TENNESSEE,6649404,42459,495,,2803,7829,31332,191199,40607,135353,15239
TEXAS,27904862,121064,1478,,13446,33298,72842,769892,148796,552106,68990
UTAH,3044321,7406,74,,1560,1528,4244,90561,12938,68261,9362
VERMONT,623354,851,14,,170,78,589,9705,1884,7637,184
VIRGINIA,8414380,18495,482,,2830,4826,10357,157292,20159,127285,9848
WASHINGTON,7280934,22101,195,,3133,5649,13124,254994,49249,173423,32322
WEST VIRGINIA,1828637,6633,85,,684,720,5144,37282,9127,25657,2498
WISCONSIN,5772917,17716,232,,2005,4707,10772,111911,19498,82455,9958
WYOMING,584910,1431,20,,206,59,1146,11460,1771,8889,800
